Employee ID,Grade,Job,Base Pay,Gender
EID 20000,1,Sales,23200,Male
EID 20001,1,Engineering,32480,Female
EID 20002,1,Management,25810,Male
EID 20003,1,Management,27260,Female
EID 20004,1,Sales,31030,Female
EID 20005,1,Engineering,37700,Female
EID 20006,1,Management,25230,Male
EID 20007,1,Management,33930,Male
EID 20008,1,Management,28420,Female
EID 20009,1,Sales,35380,Male
EID 20010,1,Administration,30450,Female
EID 20011,1,Sales,37120,Female
EID 20012,1,Management,34220,Female
EID 20013,1,Sales,26680,Male
EID 20014,1,Administration,28710,Male
EID 20015,1,Sales,28130,Female
EID 20016,1,Management,28130,Male
EID 20017,1,Sales,36250,Female
EID 20018,1,Administration,25230,Female
EID 20019,1,Sales,26970,Female
EID 20020,1,Management,31900,Male
EID 20021,1,Sales,28710,Male
EID 20022,1,Administration,23200,Female
EID 20023,1,Sales,25810,Male
EID 20024,1,Management,30740,Female
EID 20025,1,Sales,24650,Female
EID 20026,1,Administration,30160,Female
EID 20027,1,Sales,29290,Male
EID 20028,1,Management,29290,Male
EID 20029,1,Sales,30450,Female
EID 20030,1,Administration,27550,Male
EID 20031,1,Sales,38280,Female
EID 20032,1,Management,33640,Female
EID 20033,1,Sales,29290,Female
EID 20034,1,Administration,37410,Male
EID 20035,1,Sales,24940,Male
EID 20036,1,Management,23200,Female
EID 20037,1,Sales,28710,Male
EID 20038,1,Administration,37700,Female
EID 20039,1,Sales,38280,Female
EID 20040,1,Management,26970,Female
EID 20041,1,Sales,34800,Male
EID 20042,1,Administration,38570,Male
EID 20043,1,Sales,30740,Female
EID 20044,1,Management,33930,Male
EID 20045,1,Sales,35670,Female
EID 20046,1,Administration,22910,Female
EID 20047,1,Sales,33640,Female
EID 20048,1,Management,32190,Male
EID 20049,1,Sales,25810,Male
EID 20050,1,Administration,25520,Female
EID 20051,1,Sales,26680,Male
EID 20052,1,Management,28130,Female
EID 20053,1,Sales,26680,Female
EID 20054,1,Administration,35960,Female
EID 20055,1,Sales,34510,Male
EID 20056,1,Management,33640,Male
EID 20057,1,Sales,35960,Female
EID 20058,1,Administration,34220,Male
EID 20059,1,Sales,26970,Female
EID 20060,1,Management,29870,Female
EID 20061,1,Sales,26100,Female
EID 20062,1,Administration,26680,Male
EID 20063,1,Sales,34510,Male
EID 20064,1,Management,28710,Female
EID 20065,1,Sales,28420,Male
EID 20066,1,Administration,24650,Female
EID 20067,1,Sales,28420,Female
EID 20068,1,Management,37990,Female
EID 20069,1,Sales,28710,Male
EID 20070,1,Administration,29000,Male
EID 20071,1,Sales,27260,Female
EID 20072,1,Management,27550,Male
EID 20073,1,Sales,35960,Female
EID 20074,1,Administration,37120,Female
EID 20075,1,Sales,28710,Female
EID 20076,1,Management,30450,Male
EID 20077,1,Sales,23200,Male
EID 20078,1,Management,34800,Female
EID 20079,1,Sales,28710,Male
EID 20080,1,Management,30450,Female
EID 20081,1,Sales,23200,Female
EID 20082,1,Management,34800,Female
EID 20083,2,Management,28133,Male
EID 20084,2,Management,41093,Male
EID 20085,2,Management,41725,Female
EID 20086,2,Administration,34771,Male
EID 20087,2,Engineering,40461,Female
EID 20088,2,Engineering,25920,Female
EID 20089,2,Sales,30346,Female
EID 20090,2,Operations,39829,Male
EID 20091,2,Sales,27817,Male
EID 20092,2,Administration,27817,Female
EID 20093,2,Operations,30346,Male
EID 20094,2,Management,33823,Female
EID 20095,2,Management,26869,Female
EID 20096,2,Administration,35403,Female
EID 20097,2,Management,38248,Male
EID 20098,2,Engineering,25920,Male
EID 20099,2,Management,31294,Female
EID 20100,2,Sales,25288,Male
EID 20101,2,Administration,37300,Female
EID 20102,2,Sales,26236,Female
EID 20103,2,Administration,28449,Female
EID 20104,2,Management,40145,Male
EID 20105,2,Engineering,35403,Male
EID 20106,2,Management,29081,Female
EID 20107,2,Administration,28765,Male
EID 20108,2,Management,38880,Female
EID 20109,2,Engineering,34771,Female
EID 20110,2,Management,26236,Female
EID 20111,2,Administration,37300,Male
EID 20112,2,Operations,40145,Male
EID 20113,2,Management,30030,Female
EID 20114,2,Sales,35403,Male
EID 20115,2,Administration,26869,Female
EID 20116,2,Operations,30662,Female
EID 20117,2,Management,29397,Female
EID 20118,2,Engineering,30978,Male
EID 20119,2,Management,37300,Male
EID 20120,2,Administration,33507,Female
EID 20121,2,Operations,30978,Male
EID 20122,2,Management,30030,Female
EID 20123,2,Management,31610,Female
EID 20124,2,Administration,34455,Female
EID 20125,2,Operations,33823,Male
EID 20126,2,Engineering,31610,Male
EID 20127,2,Management,42357,Female
EID 20128,2,Sales,35087,Male
EID 20129,2,Administration,28133,Female
EID 20130,2,Operations,24972,Female
EID 20131,2,Management,42041,Female
EID 20132,2,Engineering,36668,Male
EID 20133,2,Management,25920,Male
EID 20134,2,Administration,28449,Female
EID 20135,2,Sales,33191,Male
EID 20136,2,Engineering,28449,Female
EID 20137,2,Sales,25604,Female
EID 20138,2,Administration,26552,Female
EID 20139,2,Management,34139,Male
EID 20140,2,Engineering,28765,Male
EID 20141,2,Sales,26236,Female
EID 20142,2,Administration,26236,Male
EID 20143,2,Operations,39196,Female
EID 20144,2,Management,29713,Female
EID 20145,2,Engineering,41409,Female
EID 20146,2,Management,31294,Male
EID 20147,2,Sales,30030,Male
EID 20148,2,Administration,27501,Female
EID 20149,2,Operations,38248,Male
EID 20150,2,Management,41409,Female
EID 20151,2,Operations,26236,Female
EID 20152,2,Management,39513,Female
EID 20153,2,Engineering,30978,Male
EID 20154,2,Administration,39196,Male
EID 20155,2,Operations,30030,Female
EID 20156,2,Management,36352,Male
EID 20157,2,Sales,42041,Female
EID 20158,2,Operations,40145,Female
EID 20159,2,Management,31294,Female
EID 20160,2,Management,31610,Male
EID 20161,2,Sales,36035,Male
EID 20162,2,Administration,32558,Female
EID 20163,2,Operations,41093,Male
EID 20164,2,Management,25920,Female
EID 20165,2,Management,27185,Female
EID 20166,2,Operations,37616,Female
EID 20167,2,Management,32558,Male
EID 20168,2,Engineering,39829,Male
EID 20169,2,Administration,30030,Female
EID 20170,2,Operations,25920,Male
EID 20171,2,Management,32242,Female
EID 20172,2,Administration,28133,Female
EID 20173,2,Operations,33191,Female
EID 20174,2,Engineering,26552,Male
EID 20175,2,Operations,35087,Male
EID 20176,2,Sales,38880,Female
EID 20177,2,Operations,36984,Male
EID 20178,2,Engineering,37932,Female
EID 20179,2,Operations,37300,Female
EID 20180,2,Sales,42041,Female
EID 20181,2,Operations,37932,Male
EID 20182,2,Engineering,32558,Male
EID 20183,2,Operations,26869,Female
EID 20184,2,Sales,39196,Male
EID 20185,2,Operations,27817,Female
EID 20186,2,Engineering,25920,Female
EID 20187,2,Operations,38880,Female
EID 20188,2,Sales,26552,Male
EID 20189,2,Operations,27185,Male
EID 20190,2,Engineering,31926,Female
EID 20191,2,Operations,37300,Male
EID 20192,2,Sales,29397,Female
EID 20193,2,Management,35719,Female
EID 20194,2,Administration,40461,Female
EID 20195,2,Management,40777,Male
EID 20196,2,Sales,35403,Male
EID 20197,2,Management,41725,Female
EID 20198,2,Administration,28449,Male
EID 20199,2,Management,25604,Female
EID 20200,2,Sales,42357,Female
EID 20201,2,Management,30662,Female
EID 20202,2,Administration,32874,Male
EID 20203,2,Management,29713,Male
EID 20204,2,Sales,32874,Female
EID 20205,2,Management,36984,Male
EID 20206,2,Administration,36668,Female
EID 20207,2,Management,27817,Female
EID 20208,2,Sales,42357,Female
EID 20209,2,Management,41725,Male
EID 20210,2,Administration,37616,Male
EID 20211,2,Management,28133,Female
EID 20212,2,Sales,38248,Male
EID 20213,2,Management,34139,Female
EID 20214,2,Administration,30662,Female
EID 20215,2,Management,36668,Female
EID 20216,2,Sales,34771,Male
EID 20217,2,Management,29713,Male
EID 20218,2,Administration,26552,Female
EID 20219,2,Management,28449,Male
EID 20220,2,Sales,36035,Female
EID 20221,2,Management,33507,Female
EID 20222,2,Administration,38880,Female
EID 20223,2,Management,27817,Male
EID 20224,2,Sales,36984,Male
EID 20225,2,Management,32558,Female
EID 20226,2,Administration,32242,Male
EID 20227,2,Management,33507,Female
EID 20228,2,Sales,34771,Female
EID 20229,2,Management,27501,Female
EID 20230,2,Administration,33507,Male
EID 20231,2,Management,26552,Male
EID 20232,2,Sales,30030,Female
EID 20233,2,Management,32558,Male
EID 20234,2,Administration,30346,Female
EID 20235,2,Management,38564,Female
EID 20236,2,Sales,39829,Female
EID 20237,2,Management,34139,Male
EID 20238,2,Administration,32558,Male
EID 20239,2,Management,31926,Female
EID 20240,2,Sales,41725,Male
EID 20241,2,Management,26552,Female
EID 20242,2,Administration,26552,Female
EID 20243,2,Management,29713,Female
EID 20244,2,Sales,36668,Male
EID 20245,2,Management,28133,Male
EID 20246,2,Administration,28133,Female
EID 20247,2,Management,37616,Male
EID 20248,2,Sales,33191,Female
EID 20249,2,Management,27501,Female
EID 20250,2,Administration,39829,Female
EID 20251,2,Management,42357,Male
EID 20252,2,Sales,26869,Male
EID 20253,2,Management,32242,Female
EID 20254,2,Administration,26236,Male
EID 20255,2,Management,41093,Female
EID 20256,2,Sales,28765,Female
EID 20257,2,Management,35087,Female
EID 20258,2,Administration,26236,Male
EID 20259,2,Management,37300,Male
EID 20260,2,Sales,34139,Female
EID 20261,2,Management,37616,Male
EID 20262,2,Administration,27501,Female
EID 20263,2,Management,39829,Female
EID 20264,2,Sales,35403,Female
EID 20265,2,Management,32242,Male
EID 20266,2,Administration,40777,Male
EID 20267,2,Sales,33507,Female
EID 20268,2,Administration,33191,Male
EID 20269,2,Sales,25288,Female
EID 20270,2,Management,30030,Female
EID 20271,2,Management,29081,Female
EID 20272,2,Management,31926,Male
EID 20273,2,Administration,34771,Male
EID 20274,2,Sales,34139,Female
EID 20275,2,Administration,40777,Male
EID 20276,2,Management,28765,Female
EID 20277,2,Sales,26236,Female
EID 20278,2,Administration,40145,Female
EID 20279,2,Sales,26236,Male
EID 20280,2,Management,36984,Male
EID 20281,2,Administration,38248,Female
EID 20282,2,Management,32558,Male
EID 20283,2,Sales,42041,Female
EID 20284,2,Administration,39196,Female
EID 20285,2,Management,34455,Female
EID 20286,2,Administration,30978,Male
EID 20287,2,Management,26869,Male
EID 20288,2,Administration,27185,Female
EID 20289,2,Management,41725,Male
EID 20290,2,Sales,32874,Female
EID 20291,2,Management,26869,Female
EID 20292,2,Administration,33507,Female
EID 20293,2,Management,35087,Male
EID 20294,2,Sales,38248,Male
EID 20295,2,Management,33191,Female
EID 20296,2,Sales,35403,Male
EID 20297,2,Administration,32874,Female
EID 20298,2,Administration,33191,Female
EID 20299,2,Management,35403,Female
EID 20300,2,Sales,30030,Male
EID 20301,2,Administration,28765,Male
EID 20302,2,Management,42357,Female
EID 20303,2,Sales,24972,Male
EID 20304,2,Management,30030,Female
EID 20305,2,Sales,27185,Female
EID 20306,2,Administration,41725,Female
EID 20307,2,Sales,36668,Male
EID 20308,2,Management,42357,Male
EID 20309,2,Sales,28765,Female
EID 20310,2,Administration,40777,Male
EID 20311,2,Sales,24972,Female
EID 20312,2,Administration,36035,Female
EID 20313,2,Management,38248,Female
EID 20314,2,Sales,42357,Male
EID 20315,2,Administration,39829,Male
EID 20316,2,Management,27185,Female
EID 20317,2,Sales,33191,Male
EID 20318,2,Administration,40777,Female
EID 20319,2,Sales,36984,Female
EID 20320,2,Management,39513,Female
EID 20321,2,Sales,41725,Male
EID 20322,2,Management,41409,Male
EID 20323,2,Sales,30662,Female
EID 20324,2,Management,31926,Male
EID 20325,2,Sales,41725,Female
EID 20326,2,Management,28133,Female
EID 20327,2,Sales,29397,Female
EID 20328,2,Administration,34455,Male
EID 20329,2,Management,31926,Male
EID 20330,2,Sales,33823,Female
EID 20331,2,Administration,37616,Male
EID 20332,2,Management,34771,Female
EID 20333,2,Sales,33823,Female
EID 20334,2,Administration,31610,Female
EID 20335,2,Management,31294,Male
EID 20336,2,Administration,36352,Male
EID 20337,2,Management,34455,Female
EID 20338,2,Sales,41725,Male
EID 20339,2,Sales,38880,Female
EID 20340,2,Administration,40145,Female
EID 20341,2,Management,30978,Female
EID 20342,2,Management,35719,Male
EID 20343,2,Administration,40777,Male
EID 20344,2,Management,35719,Female
EID 20345,2,Administration,39513,Male
EID 20346,2,Management,31926,Female
EID 20347,2,Sales,42357,Female
EID 20348,2,Administration,29713,Female
EID 20349,2,Management,36035,Male
EID 20350,2,Administration,37932,Male
EID 20351,2,Administration,29081,Female
EID 20352,2,Management,39829,Male
EID 20353,2,Sales,42357,Female
EID 20354,2,Sales,25920,Female
EID 20355,2,Administration,27501,Female
EID 20356,2,Management,25920,Male
EID 20357,2,Sales,36035,Male
EID 20358,2,Administration,31610,Female
EID 20359,2,Sales,25604,Male
EID 20360,2,Administration,32242,Female
EID 20361,2,Management,32874,Female
EID 20362,2,Administration,36035,Female
EID 20363,2,Sales,27817,Male
EID 20364,2,Administration,36984,Male
EID 20365,2,Management,25920,Female
EID 20366,2,Administration,37300,Male
EID 20367,2,Sales,25604,Female
EID 20368,2,Administration,40145,Female
EID 20369,2,Management,32242,Female
EID 20370,2,Administration,40777,Male
EID 20371,2,Sales,33507,Male
EID 20372,2,Administration,33191,Female
EID 20373,2,Sales,25288,Male
EID 20374,2,Management,30030,Female
EID 20375,2,Management,29081,Female
EID 20376,2,Management,31926,Female
EID 20377,2,Administration,34771,Male
EID 20378,2,Sales,34139,Male
EID 20379,2,Administration,40777,Female
EID 20380,2,Management,28765,Male
EID 20381,2,Sales,26236,Female
EID 20382,2,Administration,40145,Female
EID 20383,2,Sales,26236,Female
EID 20384,2,Management,36984,Male
EID 20385,2,Administration,38248,Male
EID 20386,2,Management,32558,Female
EID 20387,2,Sales,42041,Male
EID 20388,2,Administration,39196,Female
EID 20389,2,Management,34455,Female
EID 20390,2,Administration,30978,Female
EID 20391,2,Management,26869,Male
EID 20392,2,Administration,27185,Male
EID 20393,2,Management,41725,Female
EID 20394,2,Sales,32874,Male
EID 20395,2,Management,26869,Female
EID 20396,2,Administration,33507,Female
EID 20397,2,Management,35087,Female
EID 20398,2,Sales,38248,Male
EID 20399,2,Management,33191,Male
EID 20400,2,Sales,35403,Female
EID 20401,2,Administration,32874,Male
EID 20402,2,Administration,33191,Female
EID 20403,2,Management,35403,Female
EID 20404,2,Sales,30030,Female
EID 20405,2,Administration,28765,Male
EID 20406,2,Management,42357,Male
EID 20407,2,Sales,24972,Female
EID 20408,2,Management,30030,Male
EID 20409,2,Sales,27185,Female
EID 20410,2,Administration,41725,Female
EID 20411,2,Sales,36668,Female
EID 20412,2,Management,42357,Male
EID 20413,2,Sales,28765,Male
EID 20414,2,Administration,40777,Female
EID 20415,2,Sales,24972,Male
EID 20416,2,Administration,36035,Female
EID 20417,2,Management,38248,Female
EID 20418,2,Sales,42357,Female
EID 20419,2,Administration,39829,Male
EID 20420,2,Management,27185,Male
EID 20421,2,Sales,33191,Female
EID 20422,2,Administration,40777,Male
EID 20423,2,Sales,36984,Female
EID 20424,2,Management,39513,Female
EID 20425,2,Sales,41725,Female
EID 20426,2,Management,41409,Male
EID 20427,2,Sales,30662,Male
EID 20428,2,Management,31926,Female
EID 20429,2,Sales,41725,Male
EID 20430,2,Management,28133,Female
EID 20431,2,Sales,29397,Female
EID 20432,2,Administration,34455,Female
EID 20433,2,Management,31926,Male
EID 20434,2,Sales,33823,Male
EID 20435,2,Administration,37616,Female
EID 20436,2,Management,34771,Male
EID 20437,2,Sales,33823,Female
EID 20438,2,Administration,31610,Female
EID 20439,2,Management,31294,Female
EID 20440,2,Administration,36352,Male
EID 20441,2,Management,34455,Male
EID 20442,2,Sales,41725,Female
EID 20443,2,Sales,38880,Male
EID 20444,2,Administration,40145,Female
EID 20445,2,Management,30978,Female
EID 20446,2,Management,35719,Female
EID 20447,2,Administration,40777,Male
EID 20448,2,Management,35719,Male
EID 20449,2,Administration,39513,Female
EID 20450,2,Management,31926,Male
EID 20451,2,Sales,42357,Female
EID 20452,2,Administration,29713,Female
EID 20453,2,Management,36035,Female
EID 20454,2,Administration,37932,Male
EID 20455,2,Administration,29081,Male
EID 20456,2,Management,39829,Female
EID 20457,2,Sales,42357,Male
EID 20458,2,Sales,25920,Female
EID 20459,2,Administration,27501,Female
EID 20460,2,Management,25920,Female
EID 20461,2,Sales,36035,Male
EID 20462,2,Administration,31610,Male
EID 20463,2,Sales,25604,Female
EID 20464,2,Administration,32242,Male
EID 20465,2,Management,32874,Female
EID 20466,2,Administration,36035,Female
EID 20467,2,Sales,27817,Female
EID 20468,2,Administration,36984,Male
EID 20469,2,Management,25920,Male
EID 20470,2,Administration,37300,Female
EID 20471,2,Sales,25604,Male
EID 20472,2,Administration,40145,Female
EID 20473,4,Operations,44176,Female
EID 20474,4,Management,36303,Female
EID 20475,4,Administration,58610,Male
EID 20476,4,Engineering,50737,Male
EID 20477,4,Engineering,53799,Female
EID 20478,4,Administration,45489,Male
EID 20479,4,Operations,51612,Female
EID 20480,4,Operations,49862,Female
EID 20481,4,Operations,51175,Female
EID 20482,4,Management,37616,Male
EID 20483,4,Administration,57735,Male
EID 20484,4,Administration,48113,Female
EID 20485,4,Management,50300,Male
EID 20486,4,Administration,36741,Female
EID 20487,4,Management,58173,Female
EID 20488,4,Administration,58173,Female
EID 20489,4,Management,58610,Male
EID 20490,4,Administration,37178,Male
EID 20491,4,Management,49425,Female
EID 20492,4,Administration,40240,Male
EID 20493,4,Management,54236,Female
EID 20494,4,Administration,50300,Female
EID 20495,4,Management,43739,Female
EID 20496,4,Administration,34991,Male
EID 20497,4,Management,38490,Male
EID 20498,4,Administration,41115,Female
EID 20499,4,Management,52049,Male
EID 20500,4,Administration,34554,Female
EID 20501,4,Sales,57298,Female
EID 20502,4,Administration,46801,Female
EID 20503,4,Management,50737,Male
EID 20504,4,Management,36303,Male
EID 20505,4,Management,35866,Female
EID 20506,4,Management,47676,Male
EID 20507,4,Sales,39365,Female
EID 20508,4,Sales,43739,Female
EID 20509,4,Sales,41115,Female
EID 20510,4,Administration,54236,Male
EID 20511,4,Sales,41552,Male
EID 20512,4,Administration,34554,Female
EID 20513,4,Sales,57298,Male
EID 20514,4,Administration,46801,Female
EID 20515,4,Management,50737,Female
EID 20516,4,Management,36303,Female
EID 20517,4,Management,35866,Male
EID 20518,4,Management,47676,Male
EID 20519,4,Sales,39365,Female
EID 20520,4,Sales,43739,Male
EID 20521,4,Sales,41115,Female
EID 20522,4,Administration,54236,Female
EID 20523,4,Sales,41552,Female
EID 20524,5,Administration,54994,Male
EID 20525,5,Sales,67770,Male
EID 20526,5,Engineering,63881,Female
EID 20527,5,Engineering,43884,Male
EID 20528,5,Sales,73880,Female
EID 20529,5,Administration,71103,Female
EID 20530,5,Management,74436,Female
EID 20531,5,Engineering,73880,Male
EID 20532,5,Management,69992,Male
EID 20533,5,Management,57771,Female
EID 20534,5,Operations,67214,Male
EID 20535,5,Management,59437,Female
EID 20536,5,Engineering,56104,Female
EID 20537,5,Administration,52216,Female
EID 20538,5,Management,59993,Male
EID 20539,5,Management,49994,Male
EID 20540,5,Sales,62770,Female
EID 20541,5,Engineering,62770,Male
EID 20542,5,Management,68881,Female
EID 20543,5,Sales,49439,Female
EID 20544,5,Administration,64437,Female
EID 20545,5,Management,69992,Male
EID 20546,5,Administration,67214,Male
EID 20547,5,Administration,63326,Female
EID 20548,5,Management,54994,Male
EID 20549,5,Sales,60548,Female
EID 20550,5,Management,43884,Female
EID 20551,5,Management,46661,Female
EID 20552,5,Management,54438,Male
EID 20553,5,Administration,44439,Male
EID 20554,5,Management,62215,Female
EID 20555,5,Sales,48883,Male
EID 20556,5,Sales,52772,Female
EID 20557,5,Management,69992,Female
EID 20558,5,Administration,53327,Female
EID 20559,5,Management,69992,Male
EID 20560,5,Sales,60548,Male
EID 20561,5,Management,62770,Female
EID 20562,5,Sales,49439,Male
EID 20563,5,Administration,64437,Female
EID 20564,5,Management,69992,Female
EID 20565,5,Administration,67214,Female
EID 20566,5,Administration,63326,Male
EID 20567,5,Management,54994,Male
EID 20568,5,Sales,60548,Female
EID 20569,5,Management,43884,Male
EID 20570,5,Management,46661,Female
EID 20571,5,Management,54438,Female
EID 20572,5,Administration,44439,Female
EID 20573,5,Management,62215,Male
EID 20574,5,Sales,48883,Male
EID 20575,5,Sales,52772,Female
EID 20576,5,Management,69992,Male
EID 20577,5,Administration,53327,Female
EID 20578,5,Management,69992,Female
EID 20579,5,Sales,60548,Female
EID 20580,5,Management,62770,Male
EID 20581,7,Operations,131723,Male
EID 20582,7,Sales,122857,Female
EID 20583,7,Engineering,160854,Male
EID 20584,7,Operations,136790,Female
EID 20585,7,Sales,165921,Female
EID 20586,7,Management,159588,Female
EID 20587,7,Engineering,125390,Male
EID 20588,7,Management,124124,Male
EID 20589,7,Operations,119058,Female
EID 20590,7,Operations,117791,Male
EID 20591,7,Sales,167187,Female
EID 20592,7,Administration,149455,Female
EID 20593,7,Management,131723,Female
EID 20594,7,Administration,153255,Male
EID 20595,7,Management,100059,Male
EID 20596,7,Management,127924,Female
EID 20597,7,Sales,111458,Male
EID 20598,7,Administration,168454,Female
EID 20599,7,Administration,144389,Female
EID 20600,7,Administration,154522,Female
EID 20601,7,Sales,167187,Male
EID 20602,7,Administration,149455,Male
EID 20603,7,Management,131723,Female
EID 20604,7,Administration,153255,Male
EID 20605,7,Management,100059,Female
EID 20606,7,Management,127924,Female
EID 20607,7,Sales,111458,Female
EID 20608,7,Administration,168454,Male
EID 20609,7,Administration,144389,Male
EID 20610,7,Administration,154522,Female
EID 20611,8,Administration,126075,Male
EID 20612,8,Sales,175547,Female
EID 20613,8,Sales,157992,Female
EID 20614,8,Sales,130862,Female
EID 20615,8,Administration,150013,Male
EID 20616,8,Management,162780,Male
EID 20617,8,Management,162780,Female
EID 20618,9,Management,255373,Male
EID 20619,9,Administration,243212,Female
EID 20620,9,Engineering,194570,Female
EID 20621,9,Management,263480,Female
EID 20622,9,Sales,180383,Male
EID 20623,9,Sales,166195,Male
EID 20624,9,Sales,168222,Female
EID 20625,9,Sales,166195,Male
EID 20626,9,Sales,168222,Female
EID 20627,10,Operations,286687,Female
EID 20628,10,Administration,201814,Female
EID 20629,10,Sales,241814,Male
EID 20630,1,Sales,23200,Male
EID 20631,1,Engineering,32480,Female
EID 20632,1,Management,25810,Male
EID 20633,1,Management,27260,Female
EID 20634,1,Sales,31030,Female
EID 20635,1,Engineering,37700,Female
EID 20636,1,Management,25230,Male
EID 20637,1,Management,33930,Male
EID 20638,1,Management,28420,Female
EID 20639,1,Sales,35380,Male
EID 20640,1,Administration,30450,Female
EID 20641,1,Sales,37120,Female
EID 20642,1,Management,34220,Female
EID 20643,1,Sales,26680,Male
EID 20644,1,Administration,28710,Male
EID 20645,1,Sales,28130,Female
EID 20646,1,Management,28130,Male
EID 20647,1,Sales,36250,Female
EID 20648,1,Administration,25230,Female
EID 20649,1,Sales,26970,Female
EID 20650,1,Management,31900,Male
EID 20651,1,Sales,28710,Male
EID 20652,1,Administration,23200,Female
EID 20653,1,Sales,25810,Male
EID 20654,1,Management,30740,Female
EID 20655,1,Sales,24650,Female
EID 20656,1,Administration,30160,Female
EID 20657,1,Sales,29290,Male
EID 20658,1,Management,29290,Male
EID 20659,1,Sales,30450,Female
EID 20660,1,Administration,27550,Male
EID 20661,1,Sales,38280,Female
EID 20662,1,Management,33640,Female
EID 20663,1,Sales,29290,Female
EID 20664,1,Administration,37410,Male
EID 20665,1,Sales,24940,Male
EID 20666,1,Management,23200,Female
EID 20667,1,Sales,28710,Male
EID 20668,1,Administration,37700,Female
EID 20669,1,Sales,38280,Female
EID 20670,1,Management,26970,Female
EID 20671,1,Sales,34800,Male
EID 20672,1,Administration,38570,Male
EID 20673,1,Sales,30740,Female
EID 20674,1,Management,33930,Male
EID 20675,1,Sales,35670,Female
EID 20676,1,Administration,22910,Female
EID 20677,1,Sales,33640,Female
EID 20678,1,Management,32190,Male
EID 20679,1,Sales,25810,Male
EID 20680,1,Administration,25520,Female
EID 20681,1,Sales,26680,Male
EID 20682,1,Management,28130,Female
EID 20683,1,Sales,26680,Female
EID 20684,1,Administration,35960,Female
EID 20685,1,Sales,34510,Male
EID 20686,1,Management,33640,Male
EID 20687,1,Sales,35960,Female
EID 20688,1,Administration,34220,Male
EID 20689,1,Sales,26970,Female
EID 20690,1,Management,29870,Female
EID 20691,1,Sales,26100,Female
EID 20692,1,Administration,26680,Male
EID 20693,1,Sales,34510,Male
EID 20694,1,Management,28710,Female
EID 20695,1,Sales,28420,Male
EID 20696,1,Administration,24650,Female
EID 20697,1,Sales,28420,Female
EID 20698,1,Management,37990,Female
EID 20699,1,Sales,28710,Male
EID 20700,1,Administration,29000,Male
EID 20701,1,Sales,27260,Female
EID 20702,1,Management,27550,Male
EID 20703,1,Sales,35960,Female
EID 20704,1,Administration,37120,Female
EID 20705,1,Sales,28710,Female
EID 20706,1,Management,30450,Male
EID 20707,1,Sales,23200,Male
EID 20708,1,Management,34800,Female
EID 20709,1,Sales,28710,Male
EID 20710,1,Management,30450,Female
EID 20711,1,Sales,23200,Female
EID 20712,1,Management,34800,Female
EID 20713,2,Management,28133,Male
EID 20714,2,Management,41093,Male
EID 20715,2,Management,41725,Female
EID 20716,2,Administration,34771,Male
EID 20717,2,Engineering,40461,Female
EID 20718,2,Engineering,25920,Female
EID 20719,2,Sales,30346,Female
EID 20720,2,Operations,39829,Male
EID 20721,2,Sales,27817,Male
EID 20722,2,Administration,27817,Female
EID 20723,2,Operations,30346,Male
EID 20724,2,Management,33823,Female
EID 20725,2,Management,26869,Female
EID 20726,2,Administration,35403,Female
EID 20727,2,Management,38248,Male
EID 20728,2,Engineering,25920,Male
EID 20729,2,Management,31294,Female
EID 20730,2,Sales,25288,Male
EID 20731,2,Administration,37300,Female
EID 20732,2,Sales,26236,Female
EID 20733,2,Administration,28449,Female
EID 20734,2,Management,40145,Male
EID 20735,2,Engineering,35403,Male
EID 20736,2,Management,29081,Female
EID 20737,2,Administration,28765,Male
EID 20738,2,Management,38880,Female
EID 20739,2,Engineering,34771,Female
EID 20740,2,Management,26236,Female
EID 20741,2,Administration,37300,Male
EID 20742,2,Operations,40145,Male
EID 20743,2,Management,30030,Female
EID 20744,2,Sales,35403,Male
EID 20745,2,Administration,26869,Female
EID 20746,2,Operations,30662,Female
EID 20747,2,Management,29397,Female
EID 20748,2,Engineering,30978,Male
EID 20749,2,Management,37300,Male
EID 20750,2,Administration,33507,Female
EID 20751,2,Operations,30978,Male
EID 20752,2,Management,30030,Female
EID 20753,2,Management,31610,Female
EID 20754,2,Administration,34455,Female
EID 20755,2,Operations,33823,Male
EID 20756,2,Engineering,31610,Male
EID 20757,2,Management,42357,Female
EID 20758,2,Sales,35087,Male
EID 20759,2,Administration,28133,Female
EID 20760,2,Operations,24972,Female
EID 20761,2,Management,42041,Female
EID 20762,2,Engineering,36668,Male
EID 20763,2,Management,25920,Male
EID 20764,2,Administration,28449,Female
EID 20765,2,Sales,33191,Male
EID 20766,2,Engineering,28449,Female
EID 20767,2,Sales,25604,Female
EID 20768,2,Administration,26552,Female
EID 20769,2,Management,34139,Male
EID 20770,2,Engineering,28765,Male
EID 20771,2,Sales,26236,Female
EID 20772,2,Administration,26236,Male
EID 20773,2,Operations,39196,Female
EID 20774,2,Management,29713,Female
EID 20775,2,Engineering,41409,Female
EID 20776,2,Management,31294,Male
EID 20777,2,Sales,30030,Male
EID 20778,2,Administration,27501,Female
EID 20779,2,Operations,38248,Male
EID 20780,2,Management,41409,Female
EID 20781,2,Operations,26236,Female
EID 20782,2,Management,39513,Female
EID 20783,2,Engineering,30978,Male
EID 20784,2,Administration,39196,Male
EID 20785,2,Operations,30030,Female
EID 20786,2,Management,36352,Male
EID 20787,2,Sales,42041,Female
EID 20788,2,Operations,40145,Female
EID 20789,2,Management,31294,Female
EID 20790,2,Management,31610,Male
EID 20791,2,Sales,36035,Male
EID 20792,2,Administration,32558,Female
EID 20793,2,Operations,41093,Male
EID 20794,2,Management,25920,Female
EID 20795,2,Management,27185,Female
EID 20796,2,Operations,37616,Female
EID 20797,2,Management,32558,Male
EID 20798,2,Engineering,39829,Male
EID 20799,2,Administration,30030,Female
EID 20800,2,Operations,25920,Male
EID 20801,2,Management,32242,Female
EID 20802,2,Administration,28133,Female
EID 20803,2,Operations,33191,Female
EID 20804,2,Engineering,26552,Male
EID 20805,2,Operations,35087,Male
EID 20806,2,Sales,38880,Female
EID 20807,2,Operations,36984,Male
EID 20808,2,Engineering,37932,Female
EID 20809,2,Operations,37300,Female
EID 20810,2,Sales,42041,Female
EID 20811,2,Operations,37932,Male
EID 20812,2,Engineering,32558,Male
EID 20813,2,Operations,26869,Female
EID 20814,2,Sales,39196,Male
EID 20815,2,Operations,27817,Female
EID 20816,2,Engineering,25920,Female
EID 20817,2,Operations,38880,Female
EID 20818,2,Sales,26552,Male
EID 20819,2,Operations,27185,Male
EID 20820,2,Engineering,31926,Female
EID 20821,2,Operations,37300,Male
EID 20822,2,Sales,29397,Female
EID 20823,2,Management,35719,Female
EID 20824,2,Administration,40461,Female
EID 20825,2,Management,40777,Male
EID 20826,2,Sales,35403,Male
EID 20827,2,Management,41725,Female
EID 20828,2,Administration,28449,Male
EID 20829,2,Management,25604,Female
EID 20830,2,Sales,42357,Female
EID 20831,2,Management,30662,Female
EID 20832,2,Administration,32874,Male
EID 20833,2,Management,29713,Male
EID 20834,2,Sales,32874,Female
EID 20835,2,Management,36984,Male
EID 20836,2,Administration,36668,Female
EID 20837,2,Management,27817,Female
EID 20838,2,Sales,42357,Female
EID 20839,2,Management,41725,Male
EID 20840,2,Administration,37616,Male
EID 20841,2,Management,28133,Female
EID 20842,2,Sales,38248,Male
EID 20843,2,Management,34139,Female
EID 20844,2,Administration,30662,Female
EID 20845,2,Management,36668,Female
EID 20846,2,Sales,34771,Male
EID 20847,2,Management,29713,Male
EID 20848,2,Administration,26552,Female
EID 20849,2,Management,28449,Male
EID 20850,2,Sales,36035,Female
EID 20851,2,Management,33507,Female
EID 20852,2,Administration,38880,Female
EID 20853,2,Management,27817,Male
EID 20854,2,Sales,36984,Male
EID 20855,2,Management,32558,Female
EID 20856,2,Administration,32242,Male
EID 20857,2,Management,33507,Female
EID 20858,2,Sales,34771,Female
EID 20859,2,Management,27501,Female
EID 20860,2,Administration,33507,Male
EID 20861,2,Management,26552,Male
EID 20862,2,Sales,30030,Female
EID 20863,2,Management,32558,Male
EID 20864,2,Administration,30346,Female
EID 20865,2,Management,38564,Female
EID 20866,2,Sales,39829,Female
EID 20867,2,Management,34139,Male
EID 20868,2,Administration,32558,Male
EID 20869,2,Management,31926,Female
EID 20870,2,Sales,41725,Male
EID 20871,2,Management,26552,Female
EID 20872,2,Administration,26552,Female
EID 20873,2,Management,29713,Female
EID 20874,2,Sales,36668,Male
EID 20875,2,Management,28133,Male
EID 20876,2,Administration,28133,Female
EID 20877,2,Management,37616,Male
EID 20878,2,Sales,33191,Female
EID 20879,2,Management,27501,Female
EID 20880,2,Administration,39829,Female
EID 20881,2,Management,42357,Male
EID 20882,2,Sales,26869,Male
EID 20883,2,Management,32242,Female
EID 20884,2,Administration,26236,Male
EID 20885,2,Management,41093,Female
EID 20886,2,Sales,28765,Female
EID 20887,2,Management,35087,Female
EID 20888,2,Administration,26236,Male
EID 20889,2,Management,37300,Male
EID 20890,2,Sales,34139,Female
EID 20891,2,Management,37616,Male
EID 20892,2,Administration,27501,Female
EID 20893,2,Management,39829,Female
EID 20894,2,Sales,35403,Female
EID 20895,2,Management,32242,Male
EID 20896,2,Administration,40777,Male
EID 20897,2,Sales,33507,Female
EID 20898,2,Administration,33191,Male
EID 20899,2,Sales,25288,Female
EID 20900,2,Management,30030,Female
EID 20901,2,Management,29081,Female
EID 20902,2,Management,31926,Male
EID 20903,2,Administration,34771,Male
EID 20904,2,Sales,34139,Female
EID 20905,2,Administration,40777,Male
EID 20906,2,Management,28765,Female
EID 20907,2,Sales,26236,Female
EID 20908,2,Administration,40145,Female
EID 20909,2,Sales,26236,Male
EID 20910,2,Management,36984,Male
EID 20911,2,Administration,38248,Female
EID 20912,2,Management,32558,Male
EID 20913,2,Sales,42041,Female
EID 20914,2,Administration,39196,Female
EID 20915,2,Management,34455,Female
EID 20916,2,Administration,30978,Male
EID 20917,2,Management,26869,Male
EID 20918,2,Administration,27185,Female
EID 20919,2,Management,41725,Male
EID 20920,2,Sales,32874,Female
EID 20921,2,Management,26869,Female
EID 20922,2,Administration,33507,Female
EID 20923,2,Management,35087,Male
EID 20924,2,Sales,38248,Male
EID 20925,2,Management,33191,Female
EID 20926,2,Sales,35403,Male
EID 20927,2,Administration,32874,Female
EID 20928,2,Administration,33191,Female
EID 20929,2,Management,35403,Female
EID 20930,2,Sales,30030,Male
EID 20931,2,Administration,28765,Male
EID 20932,2,Management,42357,Female
EID 20933,2,Sales,24972,Male
EID 20934,2,Management,30030,Female
EID 20935,2,Sales,27185,Female
EID 20936,2,Administration,41725,Female
EID 20937,2,Sales,36668,Male
EID 20938,2,Management,42357,Male
EID 20939,2,Sales,28765,Female
EID 20940,2,Administration,40777,Male
EID 20941,2,Sales,24972,Female
EID 20942,2,Administration,36035,Female
EID 20943,2,Management,38248,Female
EID 20944,2,Sales,42357,Male
EID 20945,2,Administration,39829,Male
EID 20946,2,Management,27185,Female
EID 20947,2,Sales,33191,Male
EID 20948,2,Administration,40777,Female
EID 20949,2,Sales,36984,Female
EID 20950,2,Management,39513,Female
EID 20951,2,Sales,41725,Male
EID 20952,2,Management,41409,Male
EID 20953,2,Sales,30662,Female
EID 20954,2,Management,31926,Male
EID 20955,2,Sales,41725,Female
EID 20956,2,Management,28133,Female
EID 20957,2,Sales,29397,Female
EID 20958,2,Administration,34455,Male
EID 20959,2,Management,31926,Male
EID 20960,2,Sales,33823,Female
EID 20961,2,Administration,37616,Male
EID 20962,2,Management,34771,Female
EID 20963,2,Sales,33823,Female
EID 20964,2,Administration,31610,Female
EID 20965,2,Management,31294,Male
EID 20966,2,Administration,36352,Male
EID 20967,2,Management,34455,Female
EID 20968,2,Sales,41725,Male
EID 20969,2,Sales,38880,Female
EID 20970,2,Administration,40145,Female
EID 20971,2,Management,30978,Female
EID 20972,2,Management,35719,Male
EID 20973,2,Administration,40777,Male
EID 20974,2,Management,35719,Female
EID 20975,2,Administration,39513,Male
EID 20976,2,Management,31926,Female
EID 20977,2,Sales,42357,Female
EID 20978,2,Administration,29713,Female
EID 20979,2,Management,36035,Male
EID 20980,2,Administration,37932,Male
EID 20981,2,Administration,29081,Female
EID 20982,2,Management,39829,Male
EID 20983,2,Sales,42357,Female
EID 20984,2,Sales,25920,Female
EID 20985,2,Administration,27501,Female
EID 20986,2,Management,25920,Male
EID 20987,2,Sales,36035,Male
EID 20988,2,Administration,31610,Female
EID 20989,2,Sales,25604,Male
EID 20990,2,Administration,32242,Female
EID 20991,2,Management,32874,Female
EID 20992,2,Administration,36035,Female
EID 20993,2,Sales,27817,Male
EID 20994,2,Administration,36984,Male
EID 20995,2,Management,25920,Female
EID 20996,2,Administration,37300,Male
EID 20997,2,Sales,25604,Female
EID 20998,2,Administration,40145,Female
EID 20999,2,Management,32242,Female
EID 21000,2,Administration,40777,Male
EID 21001,2,Sales,33507,Male
EID 21002,2,Administration,33191,Female
EID 21003,2,Sales,25288,Male
EID 21004,2,Management,30030,Female
EID 21005,2,Management,29081,Female
EID 21006,2,Management,31926,Female
EID 21007,2,Administration,34771,Male
EID 21008,2,Sales,34139,Male
EID 21009,2,Administration,40777,Female
EID 21010,2,Management,28765,Male
EID 21011,2,Sales,26236,Female
EID 21012,2,Administration,40145,Female
EID 21013,2,Sales,26236,Female
EID 21014,2,Management,36984,Male
EID 21015,2,Administration,38248,Male
EID 21016,2,Management,32558,Female
EID 21017,2,Sales,42041,Male
EID 21018,2,Administration,39196,Female
EID 21019,2,Management,34455,Female
EID 21020,2,Administration,30978,Female
EID 21021,2,Management,26869,Male
EID 21022,2,Administration,27185,Male
EID 21023,2,Management,41725,Female
EID 21024,2,Sales,32874,Male
EID 21025,2,Management,26869,Female
EID 21026,2,Administration,33507,Female
EID 21027,2,Management,35087,Female
EID 21028,2,Sales,38248,Male
EID 21029,2,Management,33191,Male
EID 21030,2,Sales,35403,Female
EID 21031,2,Administration,32874,Male
EID 21032,2,Administration,33191,Female
EID 21033,2,Management,35403,Female
EID 21034,2,Sales,30030,Female
EID 21035,2,Administration,28765,Male
EID 21036,2,Management,42357,Male
EID 21037,2,Sales,24972,Female
EID 21038,2,Management,30030,Male
EID 21039,2,Sales,27185,Female
EID 21040,2,Administration,41725,Female
EID 21041,2,Sales,36668,Female
EID 21042,2,Management,42357,Male
EID 21043,2,Sales,28765,Male
EID 21044,2,Administration,40777,Female
EID 21045,2,Sales,24972,Male
EID 21046,2,Administration,36035,Female
EID 21047,2,Management,38248,Female
EID 21048,2,Sales,42357,Female
EID 21049,2,Administration,39829,Male
EID 21050,2,Management,27185,Male
EID 21051,2,Sales,33191,Female
EID 21052,2,Administration,40777,Male
EID 21053,2,Sales,36984,Female
EID 21054,2,Management,39513,Female
EID 21055,2,Sales,41725,Female
EID 21056,2,Management,41409,Male
EID 21057,2,Sales,30662,Male
EID 21058,2,Management,31926,Female
EID 21059,2,Sales,41725,Male
EID 21060,2,Management,28133,Female
EID 21061,2,Sales,29397,Female
EID 21062,2,Administration,34455,Female
EID 21063,2,Management,31926,Male
EID 21064,2,Sales,33823,Male
EID 21065,2,Administration,37616,Female
EID 21066,2,Management,34771,Male
EID 21067,2,Sales,33823,Female
EID 21068,2,Administration,31610,Female
EID 21069,2,Management,31294,Female
EID 21070,2,Administration,36352,Male
EID 21071,2,Management,34455,Male
EID 21072,2,Sales,41725,Female
EID 21073,2,Sales,38880,Male
EID 21074,2,Administration,40145,Female
EID 21075,2,Management,30978,Female
EID 21076,2,Management,35719,Female
EID 21077,2,Administration,40777,Male
EID 21078,2,Management,35719,Male
EID 21079,2,Administration,39513,Female
EID 21080,2,Management,31926,Male
EID 21081,2,Sales,42357,Female
EID 21082,2,Administration,29713,Female
EID 21083,2,Management,36035,Female
EID 21084,2,Administration,37932,Male
EID 21085,2,Administration,29081,Male
EID 21086,2,Management,39829,Female
EID 21087,2,Sales,42357,Male
EID 21088,2,Sales,25920,Female
EID 21089,2,Administration,27501,Female
EID 21090,2,Management,25920,Female
EID 21091,2,Sales,36035,Male
EID 21092,2,Administration,31610,Male
EID 21093,2,Sales,25604,Female
EID 21094,2,Administration,32242,Male
EID 21095,2,Management,32874,Female
EID 21096,2,Administration,36035,Female
EID 21097,2,Sales,27817,Female
EID 21098,2,Administration,36984,Male
EID 21099,2,Management,25920,Male
EID 21100,2,Administration,37300,Female
EID 21101,2,Sales,25604,Male
EID 21102,2,Administration,40145,Female
EID 21103,4,Operations,44176,Female
EID 21104,4,Management,36303,Female
EID 21105,4,Administration,58610,Male
EID 21106,4,Engineering,50737,Male
EID 21107,4,Engineering,53799,Female
EID 21108,4,Administration,45489,Male
EID 21109,4,Operations,51612,Female
EID 21110,4,Operations,49862,Female
EID 21111,4,Operations,51175,Female
EID 21112,4,Management,37616,Male
EID 21113,4,Administration,57735,Male
EID 21114,4,Administration,48113,Female
EID 21115,4,Management,50300,Male
EID 21116,4,Administration,36741,Female
EID 21117,4,Management,58173,Female
EID 21118,4,Administration,58173,Female
EID 21119,4,Management,58610,Male
EID 21120,4,Administration,37178,Male
EID 21121,4,Management,49425,Female
EID 21122,4,Administration,40240,Male
EID 21123,4,Management,54236,Female
EID 21124,4,Administration,50300,Female
EID 21125,4,Management,43739,Female
EID 21126,4,Administration,34991,Male
EID 21127,4,Management,38490,Male
EID 21128,4,Administration,41115,Female
EID 21129,4,Management,52049,Male
EID 21130,4,Administration,34554,Female
EID 21131,4,Sales,57298,Female
EID 21132,4,Administration,46801,Female
EID 21133,4,Management,50737,Male
EID 21134,4,Management,36303,Male
EID 21135,4,Management,35866,Female
EID 21136,4,Management,47676,Male
EID 21137,4,Sales,39365,Female
EID 21138,4,Sales,43739,Female
EID 21139,4,Sales,41115,Female
EID 21140,4,Administration,54236,Male
EID 21141,4,Sales,41552,Male
EID 21142,4,Administration,34554,Female
EID 21143,4,Sales,57298,Male
EID 21144,4,Administration,46801,Female
EID 21145,4,Management,50737,Female
EID 21146,4,Management,36303,Female
EID 21147,4,Management,35866,Male
EID 21148,4,Management,47676,Male
EID 21149,4,Sales,39365,Female
EID 21150,4,Sales,43739,Male
EID 21151,4,Sales,41115,Female
EID 21152,4,Administration,54236,Female
EID 21153,4,Sales,41552,Female
EID 21154,5,Administration,54994,Male
EID 21155,5,Sales,67770,Male
EID 21156,5,Engineering,63881,Female
EID 21157,5,Engineering,43884,Male
EID 21158,5,Sales,73880,Female
EID 21159,5,Administration,71103,Female
EID 21160,5,Management,74436,Female
EID 21161,5,Engineering,73880,Male
EID 21162,5,Management,69992,Male
EID 21163,5,Management,57771,Female
EID 21164,5,Operations,67214,Male
EID 21165,5,Management,59437,Female
EID 21166,5,Engineering,56104,Female
EID 21167,5,Administration,52216,Female
EID 21168,5,Management,59993,Male
EID 21169,5,Management,49994,Male
EID 21170,5,Sales,62770,Female
EID 21171,5,Engineering,62770,Male
EID 21172,5,Management,68881,Female
EID 21173,5,Sales,49439,Female
EID 21174,5,Administration,64437,Female
EID 21175,5,Management,69992,Male
EID 21176,5,Administration,67214,Male
EID 21177,5,Administration,63326,Female
EID 21178,5,Management,54994,Male
EID 21179,5,Sales,60548,Female
EID 21180,5,Management,43884,Female
EID 21181,5,Management,46661,Female
EID 21182,5,Management,54438,Male
EID 21183,5,Administration,44439,Male
EID 21184,5,Management,62215,Female
EID 21185,5,Sales,48883,Male
EID 21186,5,Sales,52772,Female
EID 21187,5,Management,69992,Female
EID 21188,5,Administration,53327,Female
EID 21189,5,Management,69992,Male
EID 21190,5,Sales,60548,Male
EID 21191,5,Management,62770,Female
EID 21192,5,Sales,49439,Male
EID 21193,5,Administration,64437,Female
EID 21194,5,Management,69992,Female
EID 21195,5,Administration,67214,Female
EID 21196,5,Administration,63326,Male
EID 21197,5,Management,54994,Male
EID 21198,5,Sales,60548,Female
EID 21199,5,Management,43884,Male
EID 21200,5,Management,46661,Female
EID 21201,5,Management,54438,Female
EID 21202,5,Administration,44439,Female
EID 21203,5,Management,62215,Male
EID 21204,5,Sales,48883,Male
EID 21205,5,Sales,52772,Female
EID 21206,5,Management,69992,Male
EID 21207,5,Administration,53327,Female
EID 21208,5,Management,69992,Female
EID 21209,5,Sales,60548,Female
EID 21210,5,Management,62770,Male
EID 21211,7,Operations,131723,Male
EID 21212,7,Sales,122857,Female
EID 21213,7,Engineering,160854,Male
EID 21214,7,Operations,136790,Female
EID 21215,7,Sales,165921,Female
EID 21216,7,Management,159588,Female
EID 21217,7,Engineering,125390,Male
EID 21218,7,Management,124124,Male
EID 21219,7,Operations,119058,Female
EID 21220,7,Operations,117791,Male
EID 21221,7,Sales,167187,Female
EID 21222,7,Administration,149455,Female
EID 21223,7,Management,131723,Female
EID 21224,7,Administration,153255,Male
EID 21225,7,Management,100059,Male
EID 21226,7,Management,127924,Female
EID 21227,7,Sales,111458,Male
EID 21228,7,Administration,168454,Female
EID 21229,7,Administration,144389,Female
EID 21230,7,Administration,154522,Female
EID 21231,7,Sales,167187,Male
EID 21232,7,Administration,149455,Male
EID 21233,7,Management,131723,Female
EID 21234,7,Administration,153255,Male
EID 21235,7,Management,100059,Female
EID 21236,7,Management,127924,Female
EID 21237,7,Sales,111458,Female
EID 21238,7,Administration,168454,Male
EID 21239,7,Administration,144389,Male
EID 21240,7,Administration,154522,Female
EID 21241,8,Administration,126075,Male
EID 21242,8,Sales,175547,Female
EID 21243,8,Sales,157992,Female
EID 21244,8,Sales,130862,Female
EID 21245,8,Administration,150013,Male
EID 21246,8,Management,162780,Male
EID 21247,8,Management,162780,Female
EID 21248,9,Management,255373,Male
EID 21249,9,Administration,243212,Female
EID 21250,9,Engineering,194570,Female
EID 21251,9,Management,263480,Female
EID 21252,9,Sales,180383,Male
EID 21253,9,Sales,166195,Male
EID 21254,9,Sales,168222,Female
EID 21255,9,Sales,166195,Male
EID 21256,9,Sales,168222,Female
EID 21257,10,Operations,286687,Female
EID 21258,10,Administration,201814,Female
EID 21259,10,Sales,241814,Male
EID 21260,1,Sales,23200,Male
EID 21261,1,Engineering,32480,Female
EID 21262,1,Management,25810,Male
EID 21263,1,Management,27260,Female
EID 21264,1,Sales,31030,Female
EID 21265,1,Engineering,37700,Female
EID 21266,1,Management,25230,Male
EID 21267,1,Management,33930,Male
EID 21268,1,Management,28420,Female
EID 21269,1,Sales,35380,Male
EID 21270,1,Administration,30450,Female
EID 21271,1,Sales,37120,Female
EID 21272,1,Management,34220,Female
EID 21273,1,Sales,26680,Male
EID 21274,1,Administration,28710,Male
EID 21275,1,Sales,28130,Female
EID 21276,1,Management,28130,Male
EID 21277,1,Sales,36250,Female
EID 21278,1,Administration,25230,Female
EID 21279,1,Sales,26970,Female
EID 21280,1,Management,31900,Male
EID 21281,1,Sales,28710,Male
EID 21282,1,Administration,23200,Female
EID 21283,1,Sales,25810,Male
EID 21284,1,Management,30740,Female
EID 21285,1,Sales,24650,Female
EID 21286,1,Administration,30160,Female
EID 21287,1,Sales,29290,Male
EID 21288,1,Management,29290,Male
EID 21289,1,Sales,30450,Female
EID 21290,1,Administration,27550,Male
EID 21291,1,Sales,38280,Female
EID 21292,1,Management,33640,Female
EID 21293,1,Sales,29290,Female
EID 21294,1,Administration,37410,Male
EID 21295,1,Sales,24940,Male
EID 21296,1,Management,23200,Female
EID 21297,1,Sales,28710,Male
EID 21298,1,Administration,37700,Female
EID 21299,1,Sales,38280,Female
EID 21300,1,Management,26970,Female
EID 21301,1,Sales,34800,Male
EID 21302,1,Administration,38570,Male
EID 21303,1,Sales,30740,Female
EID 21304,1,Management,33930,Male
EID 21305,1,Sales,35670,Female
EID 21306,1,Administration,22910,Female
EID 21307,1,Sales,33640,Female
EID 21308,1,Management,32190,Male
EID 21309,1,Sales,25810,Male
EID 21310,1,Administration,25520,Female
EID 21311,1,Sales,26680,Male
EID 21312,1,Management,28130,Female
EID 21313,1,Sales,26680,Female
EID 21314,1,Administration,35960,Female
EID 21315,1,Sales,34510,Male
EID 21316,1,Management,33640,Male
EID 21317,1,Sales,35960,Female
EID 21318,1,Administration,34220,Male
EID 21319,1,Sales,26970,Female
EID 21320,1,Management,29870,Female
EID 21321,1,Sales,26100,Female
EID 21322,1,Administration,26680,Male
EID 21323,1,Sales,34510,Male
EID 21324,1,Management,28710,Female
EID 21325,1,Sales,28420,Male
EID 21326,1,Administration,24650,Female
EID 21327,1,Sales,28420,Female
EID 21328,1,Management,37990,Female
EID 21329,1,Sales,28710,Male
EID 21330,1,Administration,29000,Male
EID 21331,1,Sales,27260,Female
EID 21332,1,Management,27550,Male
EID 21333,1,Sales,35960,Female
EID 21334,1,Administration,37120,Female
EID 21335,1,Sales,28710,Female
EID 21336,1,Management,30450,Male
EID 21337,1,Sales,23200,Male
EID 21338,1,Management,34800,Female
EID 21339,1,Sales,28710,Male
EID 21340,1,Management,30450,Female
EID 21341,1,Sales,23200,Female
EID 21342,1,Management,34800,Female
EID 21343,2,Management,28133,Male
EID 21344,2,Management,41093,Male
EID 21345,2,Management,41725,Female
EID 21346,2,Administration,34771,Male
EID 21347,2,Engineering,40461,Female
EID 21348,2,Engineering,25920,Female
EID 21349,2,Sales,30346,Female
EID 21350,2,Operations,39829,Male
EID 21351,2,Sales,27817,Male
EID 21352,2,Administration,27817,Female
EID 21353,2,Operations,30346,Male
EID 21354,2,Management,33823,Female
EID 21355,2,Management,26869,Female
EID 21356,2,Administration,35403,Female
EID 21357,2,Management,38248,Male
EID 21358,2,Engineering,25920,Male
EID 21359,2,Management,31294,Female
EID 21360,2,Sales,25288,Male
EID 21361,2,Administration,37300,Female
EID 21362,2,Sales,26236,Female
EID 21363,2,Administration,28449,Female
EID 21364,2,Management,40145,Male
EID 21365,2,Engineering,35403,Male
EID 21366,2,Management,29081,Female
EID 21367,2,Administration,28765,Male
EID 21368,2,Management,38880,Female
EID 21369,2,Engineering,34771,Female
EID 21370,2,Management,26236,Female
EID 21371,2,Administration,37300,Male
EID 21372,2,Operations,40145,Male
EID 21373,2,Management,30030,Female
EID 21374,2,Sales,35403,Male
EID 21375,2,Administration,26869,Female
EID 21376,2,Operations,30662,Female
EID 21377,2,Management,29397,Female
EID 21378,2,Engineering,30978,Male
EID 21379,2,Management,37300,Male
EID 21380,2,Administration,33507,Female
EID 21381,2,Operations,30978,Male
EID 21382,2,Management,30030,Female
EID 21383,2,Management,31610,Female
EID 21384,2,Administration,34455,Female
EID 21385,2,Operations,33823,Male
EID 21386,2,Engineering,31610,Male
EID 21387,2,Management,42357,Female
EID 21388,2,Sales,35087,Male
EID 21389,2,Administration,28133,Female
EID 21390,2,Operations,24972,Female
EID 21391,2,Management,42041,Female
EID 21392,2,Engineering,36668,Male
EID 21393,2,Management,25920,Male
EID 21394,2,Administration,28449,Female
EID 21395,2,Sales,33191,Male
EID 21396,2,Engineering,28449,Female
EID 21397,2,Sales,25604,Female
EID 21398,2,Administration,26552,Female
EID 21399,2,Management,34139,Male
EID 21400,2,Engineering,28765,Male
EID 21401,2,Sales,26236,Female
EID 21402,2,Administration,26236,Male
EID 21403,2,Operations,39196,Female
EID 21404,2,Management,29713,Female
EID 21405,2,Engineering,41409,Female
EID 21406,2,Management,31294,Male
EID 21407,2,Sales,30030,Male
EID 21408,2,Administration,27501,Female
EID 21409,2,Operations,38248,Male
EID 21410,2,Management,41409,Female
EID 21411,2,Operations,26236,Female
EID 21412,2,Management,39513,Female
EID 21413,2,Engineering,30978,Male
EID 21414,2,Administration,39196,Male
EID 21415,2,Operations,30030,Female
EID 21416,2,Management,36352,Male
EID 21417,2,Sales,42041,Female
EID 21418,2,Operations,40145,Female
EID 21419,2,Management,31294,Female
EID 21420,2,Management,31610,Male
EID 21421,2,Sales,36035,Male
EID 21422,2,Administration,32558,Female
EID 21423,2,Operations,41093,Male
EID 21424,2,Management,25920,Female
EID 21425,2,Management,27185,Female
EID 21426,2,Operations,37616,Female
EID 21427,2,Management,32558,Male
EID 21428,2,Engineering,39829,Male
EID 21429,2,Administration,30030,Female
EID 21430,2,Operations,25920,Male
EID 21431,2,Management,32242,Female
EID 21432,2,Administration,28133,Female
EID 21433,2,Operations,33191,Female
EID 21434,2,Engineering,26552,Male
EID 21435,2,Operations,35087,Male
EID 21436,2,Sales,38880,Female
EID 21437,2,Operations,36984,Male
EID 21438,2,Engineering,37932,Female
EID 21439,2,Operations,37300,Female
EID 21440,2,Sales,42041,Female
EID 21441,2,Operations,37932,Male
EID 21442,2,Engineering,32558,Male
EID 21443,2,Operations,26869,Female
EID 21444,2,Sales,39196,Male
EID 21445,2,Operations,27817,Female
EID 21446,2,Engineering,25920,Female
EID 21447,2,Operations,38880,Female
EID 21448,2,Sales,26552,Male
EID 21449,2,Operations,27185,Male
EID 21450,2,Engineering,31926,Female
EID 21451,2,Operations,37300,Male
EID 21452,2,Sales,29397,Female
EID 21453,2,Management,35719,Female
EID 21454,2,Administration,40461,Female
EID 21455,2,Management,40777,Male
EID 21456,2,Sales,35403,Male
EID 21457,2,Management,41725,Female
EID 21458,2,Administration,28449,Male
EID 21459,2,Management,25604,Female
EID 21460,2,Sales,42357,Female
EID 21461,2,Management,30662,Female
EID 21462,2,Administration,32874,Male
EID 21463,2,Management,29713,Male
EID 21464,2,Sales,32874,Female
EID 21465,2,Management,36984,Male
EID 21466,2,Administration,36668,Female
EID 21467,2,Management,27817,Female
EID 21468,2,Sales,42357,Female
EID 21469,2,Management,41725,Male
EID 21470,2,Administration,37616,Male
EID 21471,2,Management,28133,Female
EID 21472,2,Sales,38248,Male
EID 21473,2,Management,34139,Female
EID 21474,2,Administration,30662,Female
EID 21475,2,Management,36668,Female
EID 21476,2,Sales,34771,Male
EID 21477,2,Management,29713,Male
EID 21478,2,Administration,26552,Female
EID 21479,2,Management,28449,Male
EID 21480,2,Sales,36035,Female
EID 21481,2,Management,33507,Female
EID 21482,2,Administration,38880,Female
EID 21483,2,Management,27817,Male
EID 21484,2,Sales,36984,Male
EID 21485,2,Management,32558,Female
EID 21486,2,Administration,32242,Male
EID 21487,2,Management,33507,Female
EID 21488,2,Sales,34771,Female
EID 21489,2,Management,27501,Female
EID 21490,2,Administration,33507,Male
EID 21491,2,Management,26552,Male
EID 21492,2,Sales,30030,Female
EID 21493,2,Management,32558,Male
EID 21494,2,Administration,30346,Female
EID 21495,2,Management,38564,Female
EID 21496,2,Sales,39829,Female
EID 21497,2,Management,34139,Male
EID 21498,2,Administration,32558,Male
EID 21499,2,Management,31926,Female
EID 21500,2,Sales,41725,Male
EID 21501,2,Management,26552,Female
EID 21502,2,Administration,26552,Female
EID 21503,2,Management,29713,Female
EID 21504,2,Sales,36668,Male
EID 21505,2,Management,28133,Male
EID 21506,2,Administration,28133,Female
EID 21507,2,Management,37616,Male
EID 21508,2,Sales,33191,Female
EID 21509,2,Management,27501,Female
EID 21510,2,Administration,39829,Female
EID 21511,2,Management,42357,Male
EID 21512,2,Sales,26869,Male
EID 21513,2,Management,32242,Female
EID 21514,2,Administration,26236,Male
EID 21515,2,Management,41093,Female
EID 21516,2,Sales,28765,Female
EID 21517,2,Management,35087,Female
EID 21518,2,Administration,26236,Male
EID 21519,2,Management,37300,Male
EID 21520,2,Sales,34139,Female
EID 21521,2,Management,37616,Male
EID 21522,2,Administration,27501,Female
EID 21523,2,Management,39829,Female
EID 21524,2,Sales,35403,Female
EID 21525,2,Management,32242,Male
EID 21526,2,Administration,40777,Male
EID 21527,2,Sales,33507,Female
EID 21528,2,Administration,33191,Male
EID 21529,2,Sales,25288,Female
EID 21530,2,Management,30030,Female
EID 21531,2,Management,29081,Female
EID 21532,2,Management,31926,Male
EID 21533,2,Administration,34771,Male
EID 21534,2,Sales,34139,Female
EID 21535,2,Administration,40777,Male
EID 21536,2,Management,28765,Female
EID 21537,2,Sales,26236,Female
EID 21538,2,Administration,40145,Female
EID 21539,2,Sales,26236,Male
EID 21540,2,Management,36984,Male
EID 21541,2,Administration,38248,Female
EID 21542,2,Management,32558,Male
EID 21543,2,Sales,42041,Male
EID 21544,2,Administration,39196,Male
EID 21545,2,Management,34455,Male
EID 21546,2,Administration,30978,Male
EID 21547,2,Management,26869,Male
EID 21548,2,Administration,27185,Male
EID 21549,2,Management,41725,Male
EID 21550,2,Sales,32874,Male
EID 21551,2,Management,26869,Male
EID 21552,2,Administration,33507,Male
EID 21553,2,Management,35087,Male
EID 21554,2,Sales,38248,Male
EID 21555,2,Management,33191,Male
EID 21556,2,Sales,35403,Male
EID 21557,2,Administration,32874,Male
EID 21558,2,Administration,33191,Male
EID 21559,2,Management,35403,Male
EID 21560,2,Sales,30030,Male
EID 21561,2,Administration,28765,Male
EID 21562,2,Management,42357,Male
EID 21563,2,Sales,24972,Male
EID 21564,2,Management,30030,Male
EID 21565,2,Sales,27185,Male
EID 21566,2,Administration,41725,Male
EID 21567,2,Sales,36668,Male
EID 21568,2,Management,42357,Male
EID 21569,2,Sales,28765,Male
EID 21570,2,Administration,40777,Male
EID 21571,2,Sales,24972,Male
EID 21572,2,Administration,36035,Male
EID 21573,2,Management,38248,Male
EID 21574,2,Sales,42357,Male
EID 21575,2,Administration,39829,Male
EID 21576,2,Management,27185,Male
EID 21577,2,Sales,33191,Male
EID 21578,2,Administration,40777,Male
EID 21579,2,Sales,36984,Male
EID 21580,2,Management,39513,Male
EID 21581,2,Sales,41725,Male
EID 21582,2,Management,41409,Male
EID 21583,2,Sales,30662,Male
EID 21584,2,Management,31926,Male
EID 21585,2,Sales,41725,Male
EID 21586,2,Management,28133,Male
EID 21587,2,Sales,29397,Male
EID 21588,2,Administration,34455,Male
EID 21589,2,Management,31926,Male
EID 21590,2,Sales,33823,Male
EID 21591,2,Administration,37616,Male
EID 21592,2,Management,34771,Male
EID 21593,2,Sales,33823,Male
EID 21594,2,Administration,31610,Male
EID 21595,2,Management,31294,Male
EID 21596,2,Administration,36352,Male
EID 21597,2,Management,34455,Male
EID 21598,2,Sales,41725,Male
EID 21599,2,Sales,38880,Male
EID 21600,2,Administration,40145,Male
EID 21601,2,Management,30978,Male
EID 21602,2,Management,35719,Male
EID 21603,2,Administration,40777,Male
EID 21604,2,Management,35719,Male
EID 21605,2,Administration,39513,Male
EID 21606,2,Management,31926,Male
EID 21607,2,Sales,42357,Male
EID 21608,2,Administration,29713,Male
EID 21609,2,Management,36035,Male
EID 21610,2,Administration,37932,Male
EID 21611,2,Administration,29081,Male
EID 21612,2,Management,39829,Male
EID 21613,2,Sales,42357,Male
EID 21614,2,Sales,25920,Male
EID 21615,2,Administration,27501,Male
EID 21616,2,Management,25920,Male
EID 21617,2,Sales,36035,Male
EID 21618,2,Administration,31610,Male
EID 21619,2,Sales,25604,Male
EID 21620,2,Administration,32242,Male
EID 21621,2,Management,32874,Male
EID 21622,2,Administration,36035,Male
EID 21623,2,Sales,27817,Male
EID 21624,2,Administration,36984,Male
EID 21625,2,Management,25920,Male
EID 21626,2,Administration,37300,Male
EID 21627,2,Sales,25604,Male
EID 21628,2,Administration,40145,Male
EID 21629,2,Management,32242,Male
EID 21630,2,Administration,40777,Male
EID 21631,2,Sales,33507,Male
EID 21632,2,Administration,33191,Male
EID 21633,2,Sales,25288,Male
EID 21634,2,Management,30030,Male
EID 21635,2,Management,29081,Male
EID 21636,2,Management,31926,Male
EID 21637,2,Administration,34771,Male
EID 21638,2,Sales,34139,Male
EID 21639,2,Administration,40777,Male
EID 21640,2,Management,28765,Male
EID 21641,2,Sales,26236,Male
EID 21642,2,Administration,40145,Male
EID 21643,2,Sales,26236,Male
EID 21644,2,Management,36984,Male
EID 21645,2,Administration,38248,Male
EID 21646,2,Management,32558,Male
EID 21647,2,Sales,42041,Male
EID 21648,2,Administration,39196,Male
EID 21649,2,Management,34455,Male
EID 21650,2,Administration,30978,Male
EID 21651,2,Management,26869,Male
EID 21652,2,Administration,27185,Male
EID 21653,2,Management,41725,Male
EID 21654,2,Sales,32874,Male
EID 21655,2,Management,26869,Male
EID 21656,2,Administration,33507,Male
EID 21657,2,Management,35087,Male
EID 21658,2,Sales,38248,Male
EID 21659,2,Management,33191,Male
EID 21660,2,Sales,35403,Male
EID 21661,2,Administration,32874,Male
EID 21662,2,Administration,33191,Male
EID 21663,2,Management,35403,Male
EID 21664,2,Sales,30030,Male
EID 21665,2,Administration,28765,Male
EID 21666,2,Management,42357,Male
EID 21667,2,Sales,24972,Male
EID 21668,2,Management,30030,Male
EID 21669,2,Sales,27185,Male
EID 21670,2,Administration,41725,Male
EID 21671,2,Sales,36668,Male
EID 21672,2,Management,42357,Male
EID 21673,2,Sales,28765,Male
EID 21674,2,Administration,40777,Male
EID 21675,2,Sales,24972,Male
EID 21676,2,Administration,36035,Male
EID 21677,2,Management,38248,Male
EID 21678,2,Sales,42357,Male
EID 21679,2,Administration,39829,Male
EID 21680,2,Management,27185,Male
EID 21681,2,Sales,33191,Male
EID 21682,2,Administration,40777,Male
EID 21683,2,Sales,36984,Male
EID 21684,2,Management,39513,Male
EID 21685,2,Sales,41725,Male
EID 21686,2,Management,41409,Male
EID 21687,2,Sales,30662,Male
EID 21688,2,Management,31926,Male
EID 21689,2,Sales,41725,Male
EID 21690,2,Management,28133,Male
EID 21691,2,Sales,29397,Male
EID 21692,2,Administration,34455,Male
EID 21693,2,Management,31926,Male
EID 21694,2,Sales,33823,Male
EID 21695,2,Administration,37616,Male
EID 21696,2,Management,34771,Male
EID 21697,2,Sales,33823,Male
EID 21698,2,Administration,31610,Male
EID 21699,2,Management,31294,Male
EID 21700,2,Administration,36352,Male
EID 21701,2,Management,34455,Male
EID 21702,2,Sales,41725,Male
EID 21703,2,Sales,38880,Male
EID 21704,2,Administration,40145,Male
EID 21705,2,Management,30978,Male
EID 21706,2,Management,35719,Male
EID 21707,2,Administration,40777,Male
EID 21708,2,Management,35719,Male
EID 21709,2,Administration,39513,Male
EID 21710,2,Management,31926,Male
EID 21711,2,Sales,42357,Male
EID 21712,2,Administration,29713,Male
EID 21713,2,Management,36035,Male
EID 21714,2,Administration,37932,Male
EID 21715,2,Administration,29081,Male
EID 21716,2,Management,39829,Male
EID 21717,2,Sales,42357,Male
EID 21718,2,Sales,25920,Male
EID 21719,2,Administration,27501,Male
EID 21720,2,Management,25920,Male
EID 21721,2,Sales,36035,Male
EID 21722,2,Administration,31610,Male
EID 21723,2,Sales,25604,Male
EID 21724,2,Administration,32242,Male
EID 21725,2,Management,32874,Male
EID 21726,2,Administration,36035,Male
EID 21727,2,Sales,27817,Male
EID 21728,2,Administration,36984,Male
EID 21729,2,Management,25920,Male
EID 21730,2,Administration,37300,Male
EID 21731,2,Sales,25604,Male
EID 21732,2,Administration,40145,Male
EID 21733,4,Operations,44176,Male
EID 21734,4,Management,36303,Male
EID 21735,4,Administration,58610,Male
EID 21736,4,Engineering,50737,Male
EID 21737,4,Engineering,53799,Male
EID 21738,4,Administration,45489,Male
EID 21739,4,Operations,51612,Male
EID 21740,4,Operations,49862,Male
EID 21741,4,Operations,51175,Male
EID 21742,4,Management,37616,Male
EID 21743,4,Administration,57735,Male
EID 21744,4,Administration,48113,Male
EID 21745,4,Management,50300,Male
EID 21746,4,Administration,36741,Male
EID 21747,4,Management,58173,Male
EID 21748,4,Administration,58173,Male
EID 21749,4,Management,58610,Male
EID 21750,4,Administration,37178,Male
EID 21751,4,Management,49425,Male
EID 21752,4,Administration,40240,Male
EID 21753,4,Management,54236,Male
EID 21754,4,Administration,50300,Male
EID 21755,4,Management,43739,Male
EID 21756,4,Administration,34991,Male
EID 21757,4,Management,38490,Male
EID 21758,4,Administration,41115,Male
EID 21759,4,Management,52049,Male
EID 21760,4,Administration,34554,Male
EID 21761,4,Sales,57298,Male
EID 21762,4,Administration,46801,Male
EID 21763,4,Management,50737,Male
EID 21764,4,Management,36303,Male
EID 21765,4,Management,35866,Male
EID 21766,4,Management,47676,Male
EID 21767,4,Sales,39365,Male
EID 21768,4,Sales,43739,Male
EID 21769,4,Sales,41115,Male
EID 21770,4,Administration,54236,Male
EID 21771,4,Sales,41552,Male
EID 21772,4,Administration,34554,Male
EID 21773,4,Sales,57298,Male
EID 21774,4,Administration,46801,Male
EID 21775,4,Management,50737,Male
EID 21776,4,Management,36303,Male
EID 21777,4,Management,35866,Male
EID 21778,4,Management,47676,Male
EID 21779,4,Sales,39365,Male
EID 21780,4,Sales,43739,Male
EID 21781,4,Sales,41115,Male
EID 21782,4,Administration,54236,Male
EID 21783,4,Sales,41552,Male
EID 21784,5,Administration,54994,Male
EID 21785,5,Sales,67770,Male
EID 21786,5,Engineering,63881,Male
EID 21787,5,Engineering,43884,Male
EID 21788,5,Sales,73880,Male
EID 21789,5,Administration,71103,Male
EID 21790,5,Management,74436,Male
EID 21791,5,Engineering,73880,Male
EID 21792,5,Management,69992,Male
EID 21793,5,Management,57771,Male
EID 21794,5,Operations,67214,Male
EID 21795,5,Management,59437,Male
EID 21796,5,Engineering,56104,Male
EID 21797,5,Administration,52216,Male
EID 21798,5,Management,59993,Male
EID 21799,5,Management,49994,Male
EID 21800,5,Sales,62770,Male
EID 21801,5,Engineering,62770,Male
EID 21802,5,Management,68881,Male
EID 21803,5,Sales,49439,Male
EID 21804,5,Administration,64437,Male
EID 21805,5,Management,69992,Male
EID 21806,5,Administration,67214,Male
EID 21807,5,Administration,63326,Male
EID 21808,5,Management,54994,Male
EID 21809,5,Sales,60548,Male
EID 21810,5,Management,43884,Male
EID 21811,5,Management,46661,Male
EID 21812,5,Management,54438,Male
EID 21813,5,Administration,44439,Male
EID 21814,5,Management,62215,Male
EID 21815,5,Sales,48883,Male
EID 21816,5,Sales,52772,Male
EID 21817,5,Management,69992,Male
EID 21818,5,Administration,53327,Male
EID 21819,5,Management,69992,Male
EID 21820,5,Sales,60548,Male
EID 21821,5,Management,62770,Male
EID 21822,5,Sales,49439,Male
EID 21823,5,Administration,64437,Male
EID 21824,5,Management,69992,Male
EID 21825,5,Administration,67214,Male
EID 21826,5,Administration,63326,Male
EID 21827,5,Management,54994,Male
EID 21828,5,Sales,60548,Male
EID 21829,5,Management,43884,Male
EID 21830,5,Management,46661,Male
EID 21831,5,Management,54438,Male
EID 21832,5,Administration,44439,Male
EID 21833,5,Management,62215,Male
EID 21834,5,Sales,48883,Male
EID 21835,5,Sales,52772,Male
EID 21836,5,Management,69992,Male
EID 21837,5,Administration,53327,Male
EID 21838,5,Management,69992,Male
EID 21839,5,Sales,60548,Male
EID 21840,5,Management,62770,Male
EID 21841,7,Operations,131723,Male
EID 21842,7,Sales,122857,Male
EID 21843,7,Engineering,160854,Male
EID 21844,7,Operations,136790,Male
EID 21845,7,Sales,165921,Male
EID 21846,7,Management,159588,Male
EID 21847,7,Engineering,125390,Male
EID 21848,7,Management,124124,Male
EID 21849,7,Operations,119058,Male
EID 21850,7,Operations,117791,Male
EID 21851,7,Sales,167187,Male
EID 21852,7,Administration,149455,Male
EID 21853,7,Management,131723,Male
EID 21854,7,Administration,153255,Male
EID 21855,7,Management,100059,Male
EID 21856,7,Management,127924,Male
EID 21857,7,Sales,111458,Male
EID 21858,7,Administration,168454,Male
EID 21859,7,Administration,144389,Male
EID 21860,7,Administration,154522,Male
EID 21861,7,Sales,167187,Male
EID 21862,7,Administration,149455,Male
EID 21863,7,Management,131723,Male
EID 21864,7,Administration,153255,Male
EID 21865,7,Management,100059,Male
EID 21866,7,Management,127924,Male
EID 21867,7,Sales,111458,Male
EID 21868,7,Administration,168454,Male
EID 21869,7,Administration,144389,Male
EID 21870,7,Administration,154522,Male
EID 21871,8,Administration,126075,Male
EID 21872,8,Sales,175547,Male
EID 21873,8,Sales,157992,Male
EID 21874,8,Sales,130862,Male
EID 21875,8,Administration,150013,Male
EID 21876,8,Management,162780,Male
EID 21877,8,Management,162780,Male
EID 21878,9,Management,255373,Male
EID 21879,9,Administration,243212,Male
EID 21880,9,Engineering,194570,Male
EID 21881,9,Management,263480,Male
EID 21882,9,Sales,180383,Male
EID 21883,9,Sales,166195,Male
EID 21884,9,Sales,168222,Male
EID 21885,9,Sales,166195,Male
EID 21886,9,Sales,168222,Male
EID 21887,10,Operations,286687,Male
EID 21888,10,Administration,201814,Male
EID 21889,10,Sales,241814,Male
EID 21890,8,Sales,175547,Male
EID 21891,8,Sales,157992,Male
EID 21892,8,Sales,130862,Male
EID 21893,8,Administration,150013,Male
EID 21894,8,Management,162780,Male
EID 21895,8,Management,162780,Male
EID 21896,9,Management,255373,Male
EID 21897,9,Administration,243212,Male
EID 21898,9,Engineering,194570,Male
EID 21899,9,Management,263480,Male
EID 21900,9,Sales,180383,Male
EID 21901,9,Sales,166195,Male
EID 21902,9,Sales,168222,Male
EID 21903,9,Sales,166195,Male
EID 21904,9,Sales,168222,Male
EID 21905,10,Operations,286687,Male
EID 21906,10,Administration,201814,Male
EID 21907,10,Sales,241814,Male
